{
  "model_name": "glucose_alarm_cnn_w1.5s_20260315_184214",
  "timestamp": "20260315_184214",
  "model_file": "glucose_alarm_cnn_w1.5s_20260315_184214.pth",
  "audio_params": {
    "sample_rate": 16000,
    "window_length": 1.5,
    "n_mels": 64,
    "n_fft": 1024,
    "hop_length": 256
  },
  "training_params": {
    "batch_size": 32,
    "num_epochs": 40,
    "learning_rate": 0.001,
    "optimizer": "Adam",
    "loss_function": "BCEWithLogitsLoss"
  },
  "dataset_info": {
    "dataset_path": "datasets/dataset_w1.5s_h0.25s_20260314",
    "dataset_name": "dataset_w1.5s_h0.25s_20260314",
    "total_samples": 2860,
    "train_samples": 2288,
    "val_samples": 572,
    "train_class_0": 1144,
    "train_class_1": 1144,
    "val_class_0": 286,
    "val_class_1": 286
  },
  "metrics": {
    "accuracy": 0.9003496503496503,
    "precision": 0.8778877887788779,
    "recall": 0.9300699300699301,
    "f1_score": 0.9032258064516129,
    "best_val_loss": 0.20943319300810495,
    "best_epoch": 38,
    "final_train_loss": 0.1973756608656711,
    "final_val_loss": 0.22904566468464005,
    "final_val_accuracy": 0.8916083916083916
  },
  "confusion_matrix": {
    "true_negatives": 249,
    "false_positives": 37,
    "false_negatives": 20,
    "true_positives": 266
  },
  "training_history": {
    "train_losses": [
      0.5601680071817504,
      0.44237442645761704,
      0.40264831648932564,
      0.3822025896774398,
      0.35882774160967934,
      0.3615313072999318,
      0.3437077578985029,
      0.337585158025225,
      0.3436427753832605,
      0.33084597231613266,
      0.3298448754681481,
      0.32327563294933903,
      0.30722469753689235,
      0.3094433889620834,
      0.30780777004030013,
      0.3079547151509259,
      0.28387692456858027,
      0.28887308037115467,
      0.28743561998837525,
      0.2944692931034499,
      0.285382854545282,
      0.28261763975024223,
      0.25454826932400465,
      0.2751727722999122,
      0.2716224983127581,
      0.2687722777740823,
      0.25980510583354366,
      0.2510079112317827,
      0.2582634514611628,
      0.24766977835032675,
      0.2516421654986011,
      0.23585967553986442,
      0.21373495055983463,
      0.22212141897115442,
      0.20113397048165402,
      0.22612035595294502,
      0.2012703117604057,
      0.1868976338042153,
      0.1942725373018119,
      0.1973756608656711
    ],
    "val_losses": [
      0.5101878874831729,
      0.5366615818606483,
      0.3741549832953347,
      0.37084389726320904,
      0.35037965493069756,
      0.7790892587767707,
      0.601538629995452,
      0.34140460027588737,
      0.32947882347636753,
      0.7718847228421105,
      0.9091288447380066,
      0.33312353077862,
      0.3456410782204734,
      0.3032767093843884,
      0.40998614248302245,
      0.3200859311554167,
      0.29520218405458665,
      0.30471020026339424,
      0.31892987589041394,
      0.32914810213777757,
      0.4531276623408,
      0.517997595998976,
      0.2802800039450328,
      0.4467100716299481,
      0.4432590189907286,
      0.2548481718533569,
      0.3340617103709115,
      0.32232456985447144,
      0.5590857830312517,
      0.48217276235421497,
      0.3744506256447898,
      0.5387839890188642,
      0.23854171070787641,
      0.22751386960347494,
      0.3116139620542526,
      0.27294112162457573,
      0.48596016069253284,
      0.20943319300810495,
      0.2185448631644249,
      0.22904566468464005
    ],
    "val_accuracies": [
      0.7412587412587412,
      0.736013986013986,
      0.8321678321678322,
      0.8304195804195804,
      0.8391608391608392,
      0.6993006993006993,
      0.715034965034965,
      0.8216783216783217,
      0.8444055944055944,
      0.666083916083916,
      0.7045454545454546,
      0.8444055944055944,
      0.8548951048951049,
      0.8706293706293706,
      0.8164335664335665,
      0.8391608391608392,
      0.8688811188811189,
      0.8496503496503497,
      0.833916083916084,
      0.8216783216783217,
      0.756993006993007,
      0.743006993006993,
      0.8671328671328671,
      0.7517482517482518,
      0.7832167832167832,
      0.8811188811188811,
      0.8216783216783217,
      0.8548951048951049,
      0.7377622377622378,
      0.7814685314685315,
      0.8111888111888111,
      0.777972027972028,
      0.8758741258741258,
      0.8986013986013986,
      0.8391608391608392,
      0.8653846153846154,
      0.798951048951049,
      0.9003496503496503,
      0.9073426573426573,
      0.8916083916083916
    ]
  },
  "system_info": {
    "device": "cpu",
    "platform": "macOS-15.7.4-arm64-arm-64bit",
    "python_version": "3.9.6",
    "pytorch_version": "2.5.1"
  }
}