{
  "model_name": "glucose_alarm_cnn_w1.5s_20260315_175325",
  "timestamp": "20260315_175325",
  "model_file": "glucose_alarm_cnn_w1.5s_20260315_175325.pth",
  "audio_params": {
    "sample_rate": 16000,
    "window_length": 1.5,
    "n_mels": 64,
    "n_fft": 1024,
    "hop_length": 256
  },
  "training_params": {
    "batch_size": 32,
    "num_epochs": 40,
    "learning_rate": 0.001,
    "optimizer": "Adam",
    "loss_function": "BCEWithLogitsLoss"
  },
  "dataset_info": {
    "dataset_path": "datasets/dataset_w1.5s_h0.25s_20260314",
    "dataset_name": "dataset_w1.5s_h0.25s_20260314",
    "total_samples": 2860,
    "train_samples": 2288,
    "val_samples": 572,
    "train_class_0": 1144,
    "train_class_1": 1144,
    "val_class_0": 286,
    "val_class_1": 286
  },
  "metrics": {
    "accuracy": 0.9143356643356644,
    "precision": 0.9247311827956989,
    "recall": 0.9020979020979021,
    "f1_score": 0.9132743362831859,
    "best_val_loss": 0.19211665333973038,
    "best_epoch": 36,
    "final_train_loss": 0.16766563378688362,
    "final_val_loss": 0.2313197801510493,
    "final_val_accuracy": 0.8828671328671329
  },
  "confusion_matrix": {
    "true_negatives": 265,
    "false_positives": 21,
    "false_negatives": 28,
    "true_positives": 258
  },
  "training_history": {
    "train_losses": [
      0.5318859211272664,
      0.4233323002441062,
      0.39314900773266953,
      0.3885560433069865,
      0.3568866132862038,
      0.34562751112712753,
      0.34731801143950886,
      0.3332485825651222,
      0.3228819552395079,
      0.3390648191173871,
      0.33100062753591275,
      0.3100134546144141,
      0.31214495686193305,
      0.3004964602490266,
      0.2983816787600517,
      0.2905114952267872,
      0.28820807942085797,
      0.30075807745258015,
      0.28002103976905346,
      0.2882590642612841,
      0.26368833747175,
      0.25974477061794865,
      0.26388318753904766,
      0.25718153692368007,
      0.23975898708320326,
      0.23754622704452938,
      0.23175608232203457,
      0.25660275895562434,
      0.2311440101928181,
      0.207513776814772,
      0.23433592460221714,
      0.21202966870947015,
      0.19953382139404616,
      0.19998909222582975,
      0.17305455377532375,
      0.17948576932152113,
      0.18264599423855543,
      0.1737214851503571,
      0.15764082300787172,
      0.16766563378688362
    ],
    "val_losses": [
      0.4440491480959786,
      0.4019384053018358,
      0.4711412737766902,
      0.4119364577862952,
      0.35909514874219894,
      0.35020895385079914,
      0.34554582254754174,
      0.4283313850561778,
      0.35091786334911984,
      0.3506850120094087,
      0.33895854155222577,
      0.3702561855316162,
      0.6009973817401462,
      0.43707595931159127,
      0.4232998970482085,
      0.31083520584636265,
      0.38463423359725213,
      0.37274755785862607,
      0.34644163648287457,
      0.3723299263252152,
      0.27700083206097287,
      0.689022989736663,
      0.28331980523135925,
      0.34055055843459237,
      0.4555814696682824,
      0.25500881837473977,
      0.5501179736521509,
      0.3223251708679729,
      0.30653179188569385,
      0.3045399660865466,
      0.32351700961589813,
      0.6147438635428747,
      0.2265419355697102,
      0.21490642759535047,
      0.21779384753770298,
      0.19211665333973038,
      0.2362227224641376,
      0.2014545781744851,
      0.26532691799932057,
      0.2313197801510493
    ],
    "val_accuracies": [
      0.7657342657342657,
      0.8269230769230769,
      0.7604895104895105,
      0.8024475524475524,
      0.8461538461538461,
      0.8321678321678322,
      0.8531468531468531,
      0.7657342657342657,
      0.8251748251748252,
      0.8146853146853147,
      0.8286713286713286,
      0.777972027972028,
      0.6958041958041958,
      0.7744755244755245,
      0.7622377622377622,
      0.8374125874125874,
      0.8059440559440559,
      0.8041958041958042,
      0.8269230769230769,
      0.8041958041958042,
      0.8706293706293706,
      0.7465034965034965,
      0.8758741258741258,
      0.8286713286713286,
      0.7902097902097902,
      0.8513986013986014,
      0.7482517482517482,
      0.8426573426573427,
      0.8636363636363636,
      0.8321678321678322,
      0.8479020979020979,
      0.763986013986014,
      0.8811188811188811,
      0.8933566433566433,
      0.8916083916083916,
      0.9143356643356644,
      0.8916083916083916,
      0.9108391608391608,
      0.8758741258741258,
      0.8828671328671329
    ]
  },
  "system_info": {
    "device": "cpu",
    "platform": "macOS-15.7.4-arm64-arm-64bit",
    "python_version": "3.9.6",
    "pytorch_version": "2.5.1"
  }
}